0,59,Catalina Luna,46251263-5,90,mujer,1
1,50,Sergio Galaz,92310665-0,47,hombre,1
2,88,Catalina Patino,77837095-6,55,mujer,1
3,69,Nicolas Henriquez,66922079-0,70,mujer,1
4,66,Magdalena Santibanez,79464991-k,74,hombre,1
5,80,Lisandro Pinto,22997103-4,42,mujer,1
6,0,Leonardo Bucarei,61890115-7,42,hombre,1
7,101,Sofia Pena,45347413-5,29,hombre,1
8,45,Valentina Gutierrez,54864080-6,75,hombre,1
9,50,Simoney Mora,86447590-6,26,hombre,1
10,34,Martin Bustos,45355149-0,54,hombre,1
11,90,Diego Caniullan,19942007-0,89,hombre,1
12,55,Yanara Carrasco,79263691-8,39,mujer,1
13,38,Karla Castillo,32165632-3,38,mujer,1
14,79,Yaimara Cisternas,66760004-9,83,hombre,1
15,71,Pamela Figueroa,49326776-0,91,mujer,1
16,5,Aritza Flores,97804380-1,67,mujer,1
17,55,Giordano Flores,83399209-0,20,hombre,1
18,47,Danae Gamboa,86260284-6,95,mujer,1
19,50,Diego Guajardo,19209075-k,74,mujer,1
20,47,Bayron Guzman,31653150-4,84,mujer,1
21,62,Gabriela Jimenez,64100872-9,26,hombre,1
22,46,Orlando Moraga,72629258-2,56,hombre,1
23,40,Matias Moreno,17263415-k,13,mujer,1
24,93,Matias Painequeo,18208603-7,85,mujer,1
25,70,Sayenn Pavez,90414316-2,26,mujer,1
26,89,Gonzalo Pino,16045471-7,88,mujer,1
27,0,Benjamin Quilacan,28792266-3,37,hombre,1
28,30,Millaray Ramos,68353685-7,56,hombre,1
29,41,Aaron Roa,99428020-1,83,mujer,1
30,46,Martin Rojas,24840265-2,66,hombre,1
31,59,Yael Salcedo,79850677-3,81,hombre,1
32,65,Caceres San,95741388-9,57,mujer,1
33,11,Lucas Santibanez,77210598-3,63,hombre,1
34,46,Luis Torres,96187015-1,57,mujer,1
35,100,Zithlali Ulloa,68120110-6,28,hombre,1
36,58,Javiera Vasquez,56619171-7,66,hombre,1
37,22,Jorge Zumelzu,51616764-5,15,mujer,1
38,69,Alan Aceiton,60916764-5,97,hombre,1
39,12,Paz Aguayo,81252987-0,41,mujer,1
40,66,Flores Al,59192155-k,67,hombre,1
41,92,Lucas Araya,41391265-2,81,hombre,1
42,43,Daniela Arriagada,76041278-3,75,mujer,1
43,76,Benjamin Barria,78158392-8,43,mujer,1
44,33,Franco Benavides,49995619-3,97,mujer,1
45,66,Genesis Cardenas,37156185-4,59,mujer,1
46,2,Sergio Cardenas,85410626-0,24,hombre,1
47,3,Antonio Carrasco,10116173-0,72,hombre,1
48,51,Ian Carrera,88757035-3,30,mujer,1
49,97,Barbara Carvajal,68583239-9,42,hombre,1
50,5,Ignacio Castillo,35492826-4,59,hombre,1
51,5,Alondra Chamorro,86683089-4,91,mujer,1
52,96,Francisca Colima,28320055-8,67,hombre,1
53,93,Constanza Conejeros,86043030-4,87,mujer,1
54,15,Ivanna Contreras,27604578-4,44,mujer,1
55,35,Martin Flores,35412165-4,78,mujer,1
56,44,Constanza Gomez,80869010-1,40,hombre,1
57,96,Franco Gomez,86555166-5,34,mujer,1
58,39,Javiera Grandin,61036645-7,10,hombre,1
59,33,Javier Hurtado,40373818-2,84,mujer,1
60,95,Lucas Jara,24149278-8,84,mujer,1
61,86,Benjamin Jeria,43161018-3,95,mujer,1
62,44,Felipe Jilberto,67938721-9,16,hombre,1
63,38,Constanza Jorquera,18768050-6,32,hombre,1
64,46,Javiera Lizama,49881324-0,54,hombre,1
65,53,Catalina Lopez,36578275-k,28,mujer,1
66,16,Isidora Loyola,92505908-0,83,hombre,1
67,39,Bruno Mardones,16483997-4,36,hombre,1
68,101,Antonella Molina,91957885-8,53,mujer,1
69,30,Escarlet Morales,85930746-9,31,hombre,1
70,31,Javier Moya,43630977-5,30,mujer,1
71,27,Xavier Oyarzun,70876733-6,62,hombre,1
72,56,Silvio Peralta,36731956-9,81,mujer,1
73,74,Yohao Portales,42127645-5,70,hombre,1
74,65,Cesia Ramos,38158176-4,85,mujer,1
75,37,Francisca Reyes,48292072-1,33,mujer,1
76,50,Benjamin Rodriguez,86434438-0,30,mujer,1
77,80,Juan Sanchez,62974576-9,86,mujer,1
78,24,Constanza Sepulveda,71881591-6,53,hombre,1
79,47,Lucas Vasquez,16670974-1,74,hombre,1
80,32,Matias Vega,19027799-2,52,hombre,1
81,33,Isidora Villarroel,36669949-k,98,mujer,2
82,55,Victoria Adasme,58179139-9,75,hombre,1
83,52,Alonso Agurto,80146994-9,41,mujer,1
84,16,Carlos Antifil,34902561-2,99,hombre,1
85,49,Maria Aranda,27811535-6,34,mujer,1
86,89,Ignacio Arias,37653211-9,17,hombre,1
87,99,Rocio Bernales,78734770-3,95,hombre,1
88,53,Amaro Bravo,82260254-1,70,mujer,1
89,92,SeBastian Bustos,92253121-8,34,hombre,1
90,56,Jacob Cartes,53325503-5,98,hombre,1
91,86,Martin Celis,27423756-2,84,hombre,1
92,64,Noelia Cid,56840142-5,21,hombre,1
93,16,Hugo Cordova,99233768-0,37,hombre,1
94,72,Rocio Cuello,95541819-0,30,hombre,1
95,13,Monserrat Echeverria,61773216-5,28,hombre,1
96,11,Fernando Escobar,13635178-8,14,hombre,1
97,92,Emily Farias,93310611-k,40,hombre,1
98,15,Isidora Fernandez,85073231-0,89,hombre,1
99,0,Antonella Garrido,41601315-2,49,mujer,1
100,20,Conzuelo Gonzalez,98121429-3,82,hombre,1
101,64,Josefa Huaiquil,80511365-0,53,mujer,1
102,46,Millaray Jimenez,62815723-5,88,hombre,1
103,59,Alondra Llanquimin,33734821-1,30,hombre,1
104,29,Fernando Lopez,25806104-7,76,hombre,1
105,51,Valeria Martinez,23514054-3,74,mujer,1
106,20,Alexia Matus,72309503-4,18,mujer,1
107,67,Martin Neculman,48908396-5,51,mujer,1
108,79,Isidora Orellana,71198104-7,90,hombre,1
109,95,Luis Pacheco,76534733-5,37,hombre,1
110,82,Carlos Pinto,73222374-6,31,mujer,1
111,34,Diego Plaza,28597225-6,25,mujer,1
112,9,Francisca Roblero,32700742-4,97,mujer,1
113,11,Padme Rodriguez,28118803-8,47,hombre,1
114,47,Benjamin Saavedra,34572846-5,34,mujer,1
115,32,Millaray Salazar,42723522-k,65,mujer,1
116,84,Deyanira Santander,15591154-9,73,mujer,1
117,45,Yasmin Suarez,16636734-4,73,mujer,1
118,73,Paloma Sucarrat,63795324-9,87,hombre,1
119,79,Kitzy Vega,65538426-k,53,mujer,1
120,70,Enygger Videla,62942419-9,45,hombre,1
121,79,Simona Vilches,33236616-5,98,mujer,1
122,27,Cristobal Yanka,31679088-7,44,hombre,1
123,14,Abigail Alarcon,82581279-2,48,mujer,1
124,11,Pablo Salazar,35069575-3,52,hombre,1
125,47,Antonio Salinas,99927220-7,83,hombre,1
126,52,Leandro Aravena,70106627-8,34,hombre,1
127,86,Anais Oyarzon,43953571-7,77,mujer,1
128,31,Victoria Toloza,51194123-7,73,mujer,1
129,62,Dominique Contreras,75490842-4,71,hombre,1
130,44,Alessandro Pizarro,64336012-8,25,hombre,1
131,25,Andrea Aguilar,54023774-3,11,mujer,1
132,20,Yadhira Cifuentes,45008209-0,97,mujer,2
133,30,Millaray Meza,40538537-6,89,mujer,1
134,72,Kiara Moya,12187269-2,46,mujer,1
135,77,Celine Yanez,27952560-4,74,hombre,1
136,58,Andrea Sanhueza,55823148-3,67,mujer,1
137,3,Danitza Castro,67978268-1,77,mujer,1
138,8,Shantal Munoz,99070181-4,75,mujer,1
139,49,Isidora Bravo,50042631-4,16,mujer,1
140,38,Matias Pichulpil,99466469-7,23,hombre,1
141,5,Kris Pena,36664523-3,12,mujer,1
142,39,Rayen Contreras,44812887-3,70,mujer,1
143,16,Yaritza Garcia,34643031-1,23,hombre,1
144,51,Ivan Sarmiento,21759577-0,47,hombre,1
145,18,Alexandra Carmona,32992512-9,86,mujer,1
146,55,Mairin Romero,85553386-3,26,hombre,1
147,97,Salom Orellana,45510769-5,83,hombre,2
148,75,Constanza Loyola,45740927-3,19,mujer,1
149,71,Alejandra Olguin,98849412-7,42,hombre,1
150,100,Alonso Carrasco,42300579-3,84,hombre,1
151,12,Cristobal Vallejos,84921010-6,90,mujer,1
152,16,Macarena Munoz,51248373-9,54,hombre,1
153,47,Andres Diaz,38628283-8,49,mujer,2
154,101,Esteban Guzman,78662700-1,95,mujer,1
155,37,Andrea Alburquenque,80703512-6,24,hombre,1
156,101,Sofia Flores,37142311-7,83,hombre,1
157,66,Katalina Gonzalez,97036167-7,17,mujer,1
158,29,Jesus Gonzalez,53967694-6,72,hombre,1
159,27,Antonia Olivares,23407008-8,51,hombre,1
160,79,Isidora Pacheco,76494450-k,15,hombre,1
161,85,Francisca Cayupan,56229978-5,43,hombre,1
162,51,Emiliano Figueroa,40269415-7,57,mujer,1
163,76,Alonso Dumont,80592689-9,18,hombre,1
164,90,Amaro Mondaca,52576933-k,87,mujer,1
165,13,Absalon Figueroa,71612139-9,32,mujer,1
166,28,Antonia Ortega,23632306-4,94,hombre,1
167,52,Josefa Alarcon,16413527-6,67,mujer,2
168,57,Alonso Farias,77489819-0,98,mujer,1
169,87,Matias Rodriguez,85301240-8,92,mujer,1
170,70,Alonso Toro,53721649-2,59,mujer,1
171,86,Andres Vergara,12655924-0,37,hombre,1
172,19,Noemi Castro,79154026-7,15,hombre,1
173,82,Adriana Jimenez,24115633-8,72,mujer,1
174,82,Miguel Martinez,34917249-6,47,hombre,1
175,79,Benjamin Cayul,85034590-2,94,hombre,1
176,25,Ignacio Mardones,19680912-0,69,hombre,1
177,32,Marcela Vargas,40455577-4,27,mujer,1
178,80,Andres Painenao,81401624-2,64,mujer,1
179,60,Gustavo Mena,40978316-3,95,mujer,1
180,22,Anibal Contreras,77189827-0,19,hombre,1
181,61,Javiera Vigouroux,13093741-1,38,hombre,1
182,71,Arturo Calabrano,26123513-7,82,hombre,1
183,31,Ignacio Huenuanca,12874915-2,28,hombre,1
184,32,Josue Donoso,15623590-3,32,mujer,1
185,43,Jesus Navarrete,45981588-0,44,hombre,1
186,101,Aaron Cares,82003178-4,86,mujer,1
187,27,Paz Munoz,29415476-0,75,hombre,1
188,89,Antonia Elguezabal,38631846-8,88,mujer,1
189,15,Kathalina San,61242043-2,45,mujer,1
190,85,Ignacio Delgado,28954972-2,80,hombre,1
191,25,Andres Abarca,88094734-6,14,hombre,1
192,24,Alejandro Sarmiento,69163174-5,55,mujer,1
193,1,Alexander Pena,53042462-6,64,mujer,1
194,44,Samanta Marinao,81330568-2,60,hombre,1
195,67,Paola Quezada,86679007-8,19,hombre,1
196,39,Ignacio Barra,83896534-2,98,hombre,1
197,14,Ariel Iturra,91210142-8,44,mujer,1
198,46,Daniel Zuniga,72570829-7,62,hombre,1
199,7,Catalina Jara,58044372-9,88,mujer,1
200,27,Venecia Campos,40640800-0,71,hombre,1
201,32,Fernanda Repol,73324033-4,84,mujer,2
202,19,Ignacia Galvez,80549244-9,89,mujer,1
203,38,Scarlett Pezoa,40070443-0,13,mujer,1
204,13,Jessica Reyes,68377701-3,59,hombre,1
205,46,De Rave,20228556-2,15,hombre,1
206,53,Daniel Blanco,16264932-9,36,mujer,1
207,44,Valentina Cancino,80580088-7,76,hombre,1
208,0,Claudio Carreno,84167281-k,39,mujer,1
209,8,Valentina Castillo,93044599-1,16,mujer,1
210,24,Gustavo Castro,47922722-5,22,mujer,1
211,101,Tamara Dealecio,41183684-3,50,mujer,1
212,56,Carla Farias,94947578-6,57,hombre,1
213,46,Fernanda Gajardo,33890329-4,59,mujer,1
214,44,Paula Gajardo,91085975-7,17,hombre,1
215,10,Isidora Garabito,96562711-1,95,mujer,1
216,30,Ignacia Gomez,52392092-8,79,mujer,1
217,53,Catalina Gonzalez,91938760-2,94,hombre,1
218,82,Daniela Gutierrez,98518861-0,90,hombre,1
219,81,Catalina Huentelaf,72275204-k,19,mujer,1
220,5,Bryan Jorquera,70388205-6,79,hombre,1
221,62,Diego Lopez,80924311-7,67,mujer,1
222,21,Matias Maldonado,73031326-8,79,hombre,2
223,3,Catalina Miranda,66970190-k,36,hombre,1
224,7,Catari Monsalves,81641085-1,30,mujer,1
225,46,Catalina Montero,17371278-2,92,mujer,1
226,22,Fernanda Montero,72447098-k,35,mujer,1
227,60,Matias Munoz,59161375-8,24,hombre,1
228,83,Javiera Peralta,14106853-9,30,mujer,2
229,46,Ariana Perez,94506083-2,57,hombre,1
230,14,Joaquin Pinto,24878659-0,45,hombre,1
231,80,Nelson Quezada,23937155-8,69,mujer,1
232,58,Ignacio Quiroz,79407634-0,68,hombre,1
233,95,Giancarlo Roblero,27083103-6,94,hombre,1
234,98,Barbara Sanchez,77757931-2,35,hombre,2
235,66,Paolo Silva,21290952-1,24,hombre,1
236,7,Emilio Soto,79695896-0,89,hombre,1
237,75,Yacyara Soza,89512502-4,22,hombre,1
238,66,Jacob Torres,31256887-k,36,mujer,1
239,58,Catalina Urquiza,46067685-1,83,mujer,1
240,99,Alejandra Valdes,58143457-k,85,mujer,1
241,96,Catalina Valencia,69719019-8,57,mujer,2
242,40,Catalina Vasquez,81207716-3,49,hombre,1
243,76,Juan Veas,92394961-5,22,hombre,1
244,74,Yael Vera,99149710-2,91,hombre,1
245,67,Karla Villablanca,92851961-9,63,hombre,1
246,71,Diego Villegas,22637365-9,64,hombre,1
247,59,Javiera Alarcon,41694611-6,68,mujer,1
248,84,Vicente Alarcon,28231652-8,19,hombre,1
249,86,Benjamin Ancacura,97321798-4,86,mujer,1
250,10,Alan Armijo,35773530-0,47,mujer,1
251,31,Daniela Arrao,73745994-2,50,hombre,1
252,66,Kharla Astudillo,32644502-9,99,mujer,1
253,51,Sayuri Bahamondes,62220169-0,85,hombre,1
254,7,Dylan Campos,69020528-9,87,mujer,1
255,94,Angelo Caniunir,62887150-7,12,mujer,1
256,74,Nazaret Carreno,16687104-2,91,mujer,1
257,30,Fabiano Carte,51630030-2,52,hombre,1
258,40,Mateo Contreras,47249752-9,50,mujer,1
259,29,Martina Cuevas,55868629-4,70,mujer,1
260,4,Agustin Farias,75766984-6,36,mujer,1
261,11,Isidora Galvez,32817993-8,30,hombre,1
262,54,Gabriela Garay,83538271-0,22,hombre,1
263,45,Valentina Gomez,80628376-2,48,hombre,1
264,43,Bastian Lagos,44422964-0,35,hombre,1
265,13,Esteban Leiva,31691559-0,72,mujer,1
266,50,Barbara Lincopion,31457093-6,74,hombre,1
267,3,Loreto Luna,61863167-2,48,mujer,1
268,69,Matias Marillan,91051274-9,32,hombre,1
269,28,Matias Momberg,81019249-6,96,mujer,1
270,77,Benjamin Mondaca,75106425-k,85,hombre,1
271,6,Andres Mora,52581344-4,34,mujer,1
272,11,Josue Moreno,13700503-4,28,mujer,1
273,12,Krishna Ordenez,45677093-2,31,hombre,1
274,29,Iahn Oyarce,18912034-6,42,hombre,1
275,8,Trinidad Peralta,22876040-4,16,mujer,1
276,57,Constanza Quezada,29742884-5,51,hombre,1
277,28,Genesis Ramirez,13295853-k,15,hombre,1
278,16,Katherine Retamal,22252251-k,94,hombre,1
279,91,Yamna Reyes,53642790-2,48,mujer,2
280,37,Fernanda Salinas,83481742-k,85,hombre,1
281,72,Benjamin Sanchez,84095044-1,78,hombre,1
282,82,Francisca Sanchez,98544321-1,55,mujer,1
283,10,Yaen Sanhueza,96404014-1,36,mujer,1
284,3,Benjamin Soto,37731534-0,28,mujer,1
285,67,Kathya Spedaletti,55676647-9,97,hombre,2
286,22,Bastian Tapia,48766480-4,69,hombre,1
287,10,Fernanda Vargas,15119459-1,16,hombre,1
288,54,Camilo Zambrano,76849115-1,13,mujer,1
289,10,Barbara Zuniga,15765031-9,10,hombre,1
290,17,Camila Aburto,32726853-8,26,hombre,1
291,77,Valentina Aliaga,59260036-6,96,hombre,1
292,17,Camila Arancibia,19130484-5,36,hombre,1
293,94,Javier Aravena,57325256-k,45,hombre,1
294,49,Diego Arce,80356838-3,93,mujer,1
295,99,Javiera Barrera,10119008-0,95,hombre,2
296,86,Nayelit Brantes,57437538-k,41,hombre,1
297,9,Tamara Candia,80092681-5,24,hombre,1
298,44,Dania Carreno,40503382-8,29,mujer,1
299,35,Constanza Castillo,14292252-5,55,hombre,1
300,90,Constanza Diaz,24215497-5,72,hombre,2
301,55,Jose Espina,60987705-7,19,mujer,1
302,48,Rodrigo Figueroa,59959821-9,10,hombre,1
303,14,Fernanda Gonzslez,97418193-2,77,hombre,1
304,42,Daniela Habibe,88034198-7,36,hombre,2
305,80,Gloria Herrera,56725663-4,66,hombre,2
306,9,Thaira Hormazabal,54157127-2,74,mujer,1
307,78,Kiomara Huinca,48979148-k,13,mujer,2
308,101,Barbara Jara,30492842-5,21,mujer,2
309,31,Javiera Jaramillo,84671162-7,48,mujer,1
310,62,Maria Martinez,57342278-3,84,mujer,1
311,84,Tiare Miranda,73540572-1,55,hombre,2
312,68,Constanza Morales,48762156-0,80,hombre,1
313,26,Sebastian Moya,58509457-9,89,mujer,1
314,6,Fabian Munoz,58188294-7,12,mujer,1
315,27,Valentina Munoz,25844754-9,58,hombre,2
316,54,Lucas Nunez,29903675-8,95,hombre,1
317,18,Vania Pena,66844166-1,45,hombre,1
318,10,Dylan Perez,32273643-6,77,hombre,1
319,0,Damary Pichulman,80353279-6,68,hombre,2
320,53,Francisca Pinto,29622397-2,26,hombre,1
321,29,Danae Poblete,78897889-8,94,mujer,2
322,75,Paula Quintrel,58846331-1,60,mujer,1
323,62,Camilo Roblero,71652443-4,78,mujer,1
324,44,Vicente Saez,90243628-6,36,mujer,1
325,26,Crichna Salazar,84081575-7,19,mujer,1
326,31,Elias Sanzana,14114400-6,87,mujer,1
327,48,Esteban Schroder,83905334-7,30,hombre,1
328,6,Nicolas Soto,89146700-1,46,hombre,1
329,24,Nicolas Urriola,29622980-6,20,mujer,1
330,1,Aylin Valdes,20168747-0,69,mujer,1
331,55,Damaris Venegas,38725184-7,30,hombre,1
332,66,Benjamin Vera,28450511-5,96,mujer,2
333,40,Monserrat Vidal,81018273-3,72,hombre,1
334,37,Anais Aguirre,10742402-4,54,hombre,2
335,93,Isaac Andrades,85384785-2,65,hombre,2
336,45,Karina Araos,30001031-8,29,mujer,1
337,71,Daniela Beroiza,48246125-5,67,mujer,2
338,69,Carolina Brevis,48986292-1,41,mujer,2
339,36,Camila Cabrera,93892863-0,55,hombre,2
340,50,Valentina Campos,52179815-7,22,hombre,1
341,94,Annais Caro,19706256-8,55,hombre,2
342,8,Abraham Carreno,26196183-0,27,mujer,1
343,13,Jael Cornejo,11271286-0,56,mujer,1
344,25,Aaron Cornejo,48998776-7,78,mujer,1
345,50,Matias Ferreira,95521769-1,47,hombre,1
346,14,Matias Fuentes,55972471-8,32,hombre,1
347,81,Alexandra Garay,95487734-5,58,hombre,1
348,58,Yahir Garrido,63814706-8,43,hombre,1
349,92,Justin Godoy,43597800-2,79,mujer,2
350,85,Camila Gonzalez,95403427-5,10,mujer,1
351,38,Natalia Henriquez,56914123-0,76,mujer,2
352,64,Jorge Hidalgo,95623149-3,87,mujer,1
353,60,Francisca Huenufil,37126798-0,47,mujer,1
354,39,Maria Jilberto,92270331-0,17,mujer,2
355,70,Cristhian Jimenez,46288331-5,94,mujer,1
356,77,Isidora Jimenez,90505307-8,13,mujer,1
357,65,Martin Leiva,95810168-6,73,hombre,2
358,87,Martina Leiva,94006732-4,62,hombre,1
359,79,Andres Lucero,61336127-8,81,hombre,1
360,64,Gamadiel Marin,32142510-0,73,hombre,2
361,81,Saad Sierra,21188032-5,18,mujer,2
362,85,Teigan Phelps,64660903-8,29,mujer,1
363,76,Chiara Howell,17677635-8,35,mujer,2
364,58,Nishat Greig,21332506-k,42,mujer,2
365,2,Niam Snider,36615636-4,50,hombre,1
366,56,Tasnim Rutledge,30741496-1,57,hombre,1
367,25,Henna Cantu,18970874-2,24,mujer,1
368,7,Amira Wong,33491402-k,28,mujer,2
369,15,Annaliese Ford,47342099-6,37,hombre,1
370,11,Marco Waters,73815426-6,21,hombre,1
371,28,Marian Spence,19528671-k,57,hombre,1
372,100,Amy Sharples,51844875-7,38,hombre,2
373,74,Eamonn Redfern,17327495-5,48,hombre,2
374,54,Katarina Chang,82719046-2,54,hombre,2
375,45,Annabelle Poole,79873843-7,40,hombre,1
376,31,Donte Salgado,66227912-9,40,mujer,2
377,46,Sufyan Rollins,44715611-3,44,hombre,1
378,2,Gracey Day,71134226-5,18,mujer,1
379,82,Otto Lindsay,89260929-2,25,hombre,1
380,9,Murphy Melendez,72620651-1,26,hombre,1
381,82,Marcel Mccarty,33908685-0,23,hombre,1
382,22,Lowri Henry,94221380-8,35,mujer,1
383,19,Juliet Goodman,15823641-9,43,mujer,1
384,68,Winnie Bloom,39790970-0,38,hombre,1
385,34,Baxter Bateman,14736236-6,46,mujer,1
386,2,Huda Sullivan,17195049-k,20,mujer,2
387,8,Ravi Avila,67710168-7,58,hombre,1
388,89,Hamza Carson,21201270-k,22,hombre,2
389,87,Faizaan Gilmour,16833235-1,44,mujer,2
390,53,Saoirse Tang,32273167-1,54,hombre,1
391,10,Harvey Marsden,90922919-7,35,mujer,2
392,50,Ehsan Liu,60028335-9,19,mujer,1
393,5,Orlaith Collier,52968708-7,60,mujer,1
394,23,Marcia Berg,57689116-4,27,mujer,2
395,19,Kamron Moran,10094201-1,39,mujer,2
396,63,Colin Rosario,85779616-0,24,mujer,2
397,59,Darrell Barnes,15683276-6,20,hombre,1
398,25,Akbar Healy,14825989-5,50,hombre,1
399,40,Valentino Gilliam,65207641-6,26,hombre,2
400,59,Damien Barnard,34761062-3,40,mujer,2
401,79,Jenna Wyatt,93600353-2,52,hombre,1
402,41,Chenai Lynch,61627352-3,33,mujer,2
403,49,Cleo Parsons,33917878-k,23,hombre,2
404,18,Meerab Shields,81311438-0,40,hombre,1
405,95,Asia Byers,16506263-9,54,mujer,2
406,62,Teejay Leon,48849361-2,45,hombre,1
407,62,Kelsie Vickers,23684561-3,29,hombre,1
408,79,Elisabeth Pickett,12842111-4,36,mujer,2
409,34,Tehya Curry,46524982-k,48,hombre,2
410,70,Nabila Silva,54556015-1,40,mujer,1
411,3,Kaira Frey,22240154-2,52,mujer,2
412,53,Lila Barron,72478850-5,59,mujer,2
413,82,Xander Goodwin,25107105-5,22,mujer,2
414,9,Lexi Cairns,69768825-0,45,hombre,2
415,50,Keyan Rigby,42644643-k,53,hombre,2
416,30,Donald Gordon,54004386-8,53,mujer,1
417,72,Kaylen Yoder,55514185-8,34,hombre,2
418,61,Rehaan Acosta,34762796-8,40,hombre,1
419,18,Ahsan Moyer,55422937-9,35,hombre,1
420,68,Simrah Begum,11636170-1,18,mujer,2
421,86,Rio Haas,45453849-8,30,hombre,1
422,75,Dannielle Power,84539370-2,59,hombre,1
423,13,Adam Delarosa,96900689-8,26,hombre,2
424,35,Yousif Mccullough,44281327-2,34,hombre,2
425,46,Zakary Ingram,74580276-1,21,mujer,1
426,25,Jordana Haley,78160098-9,23,mujer,1
427,55,Kavan Holder,65346159-3,42,mujer,2
428,22,Kieren Peck,72800848-2,49,hombre,2
429,8,Fiona Estrada,79757833-9,41,mujer,2
430,48,Esme-Rose Sargent,79459402-3,41,mujer,2
431,6,Kathy Leal,80921370-6,35,mujer,1
432,17,Hassan Gilmore,90172937-9,23,mujer,1
433,44,Rose Larsen,47942200-1,52,hombre,2
434,25,Jorge Tillman,42538060-5,22,hombre,1
435,56,Devonte Needham,70582800-8,56,mujer,2
436,86,Fahad Richmond,14982281-k,23,mujer,1
437,4,Kynan Benson,90155266-5,56,hombre,2
438,12,Maison Rhodes,96951878-3,23,mujer,2
439,25,Cai Woodward,72159761-k,32,mujer,2
440,6,Dania Neal,72430402-8,23,hombre,2
441,17,Irene Contreras,66045545-0,56,hombre,2
442,75,Briony Whelan,91231636-k,37,hombre,2
443,1,Vishal Merrill,86516801-2,49,hombre,2
444,60,Brad Stewart,64750606-2,42,mujer,2
445,85,Mina Dougherty,90966759-3,26,mujer,2
446,45,Phebe Braun,31111145-0,55,hombre,2
447,57,Murray Britton,16792411-5,56,mujer,2
448,11,Jaxx Blaese,58765828-3,19,hombre,1
449,30,Una Glenn,42216276-3,40,hombre,2
450,14,Luke Hills,91844038-0,48,hombre,2
451,16,Yasser Wilkins,43926456-k,47,hombre,2
452,70,Emir Bird,13965853-1,40,hombre,1
453,43,Reema Page,14343597-0,45,hombre,1
454,77,Nigel Dickens,41966463-4,36,mujer,2
455,86,Priyanka Navarro,21219682-7,43,hombre,2
456,11,Dina Clark,95541523-k,23,hombre,2
457,70,Ali Childs,68208732-3,56,mujer,2
458,51,Ava-Rose O'Ryan,43831962-k,60,hombre,2
459,46,Talitha Mcloughlin,22234852-8,60,hombre,2
460,28,Lily-Anne Patel,39089742-1,36,mujer,2
461,43,Keane Morrison,92696219-1,28,mujer,2
462,15,Mayson Baird,69568679-k,48,hombre,2
463,18,Rhiann Cote,91935122-5,45,hombre,2
464,62,Lina Mclaughlin,68133700-8,45,mujer,2
465,5,Ayush Pace,42938886-4,58,mujer,2
466,24,Zeeshan Johnston,11439340-1,26,hombre,2
467,73,Dominykas Lutz,39899583-k,55,mujer,2
468,26,Rafi Kaiser,39949282-3,37,hombre,2
469,88,Maaria Major,53644614-1,41,mujer,2
470,61,Blanka Alford,19552470-k,34,mujer,2
