25,Steak Almacen,valparaiso,439,272
85,Almacen Almeja,la serena,445,1061
48,Almacen Petalos,la serena,430,291
20,Familiares Almacen,coquimbo,132,523
81,Propiedades Almacen,providencia,361,866
72,Algortimos Almacen,la serena,417,156
97,Luz Almacen,coquimbo,147,225
84,Almacen Hada,san joaquin,311,711
33,Almacen Fluido,arica,81,208
30,Almacen Autor,coquimbo,449,819
83,Fuera del atico,santiago,228,613
7,Couture Almacen,valparaiso,368,150
76,Almacen Colmena,punta arenas,363,539
50,Fuera del cofre,arica,415,257
67,Almacen Incidente,la ligua,285,241
57,Luz Almacen,arica,447,969
19,Buqui Almacen,san joaquin,395,324
14,Calle Antigua,coquimbo,450,377
72,Algortimos Almacen,la ligua,417,156
59,Almacen Madera,valparaiso,400,494
58,La Casa de la Abuela Antiguedades,providencia,364,1084
22,Almacen Andares,buin,428,648
27,Almacen Incidente,santiago,315,841
100,Casa Antigua,santiago,372,170
99,El cofre del tesoro,la serena,295,787
10,Almacen Caninos,la ligua,391,97
81,Propiedades Almacen,coquimbo,361,866
94,Steak Almacen,valparaiso,341,858
71,Couture Almacen,valparaiso,337,158
24,Almacen Centrales,punta arenas,466,283
66,Almacen Estilo,arica,332,1055
86,Almacen Intensas,punta arenas,455,400
32,Paw Almacen,coquimbo,201,777
48,Almacen Petalos,coquimbo,430,291
101,Almacen Fluido,valparaiso,308,194
93,Almacen Cambio,la ligua,335,772
71,Couture Almacen,santiago,337,158
47,Almacen Camino,santiago,153,286
45,Familiares Almacen,la serena,446,532
69,Almacen Recreativas,santiago,338,93
63,Almacen Caninos,providencia,396,285
88,Backup Almacen,buin,469,1064
45,Familiares Almacen,coquimbo,446,532
59,Almacen Madera,san joaquin,400,494
101,Almacen Fluido,san joaquin,308,194
72,Algortimos Almacen,buin,417,156
13,Almacen Fluido,buin,423,387
88,Backup Almacen,san joaquin,469,1064
79,Almacen Ecuacion,coquimbo,408,542
88,Backup Almacen,santiago,469,1064
69,Almacen Recreativas,la serena,338,93
37,Sustentables Almacen,la ligua,334,835
32,Paw Almacen,la serena,201,777
91,Fuera del atico,buin,279,141
23,Almacen Almeja,valparaiso,394,957
35,Almacen Cuspides,san joaquin,424,567
9,Almacen Idea,valparaiso,414,229
21,Almacen Afinidad,santiago,222,823
62,Oda Almacen,buin,464,773
79,Almacen Ecuacion,valparaiso,408,542
11,Steak Almacen,coquimbo,456,1053
52,Almacen Petalos,valparaiso,167,618
10,Almacen Caninos,la serena,391,97
4,Fuera del atico,valparaiso,437,429
35,Almacen Cuspides,buin,424,567
46,Almacen Fortaleza,santiago,459,528
65,El cofre del tesoro,arica,357,1088
62,Oda Almacen,la ligua,464,773
31,Almacen Colmena,arica,376,372
74,Almacen Hada,buin,373,1011
28,Almacen Madera,la ligua,460,1094
16,Fuera del cofre,la serena,451,838
16,Fuera del cofre,buin,451,838
40,Inversiones Almacen,la ligua,399,430
58,La Casa de la Abuela Antiguedades,la ligua,364,1084
36,Almacen Cuspides,punta arenas,339,74
23,Almacen Almeja,buin,394,957
100,Casa Antigua,valparaiso,372,170
73,Almacen Fluido,arica,467,100
96,Camelias Almacen,santiago,241,892
2,Casa Antigua,buin,386,213
45,Familiares Almacen,buin,446,532
6,Almacen Camino,santiago,440,462
96,Camelias Almacen,san joaquin,241,892
1,Tesoros el dia 42,la ligua,443,1049
91,Fuera del atico,santiago,279,141
11,Steak Almacen,valparaiso,456,1053
59,Almacen Madera,coquimbo,400,494
60,Fantasia Almacen,coquimbo,444,670
2,Casa Antigua,la ligua,386,213
45,Familiares Almacen,la ligua,446,532
90,Almacen Receta,santiago,300,294
40,Inversiones Almacen,providencia,399,430
74,Almacen Hada,coquimbo,373,1011
94,Steak Almacen,san joaquin,341,858
32,Paw Almacen,buin,201,777
70,Almacen Intensas,punta arenas,457,962
18,Steak Almacen,arica,463,615
41,Oda Almacen,arica,402,212
32,Paw Almacen,providencia,201,777
23,Almacen Almeja,providencia,394,957
61,Pimienta Almacen,providencia,470,145
63,Almacen Caninos,buin,396,285
43,Propiedades Almacen,arica,461,876
72,Algortimos Almacen,providencia,417,156
101,Almacen Fluido,la serena,308,194
19,Buqui Almacen,la ligua,395,324
5,La Casa de la Abuela Antiguedades,la ligua,465,990
78,Lacio Almacen,la serena,307,172
49,Almacen Cables,la serena,403,21
84,Almacen Hada,valparaiso,311,711
12,Almendras Almacen,la serena,438,99
11,Steak Almacen,buin,456,1053
58,La Casa de la Abuela Antiguedades,valparaiso,364,1084
90,Almacen Receta,la ligua,300,294
77,Familiares Almacen,buin,454,309
14,Calle Antigua,la ligua,450,377
35,Almacen Cuspides,coquimbo,424,567
68,Almacen Elegante,providencia,420,632
79,Almacen Ecuacion,la serena,408,542
61,Pimienta Almacen,buin,470,145
53,Almacen Intensas,arica,412,90
95,Almendras Almacen,la ligua,405,730
9,Almacen Idea,providencia,414,229
10,Almacen Caninos,valparaiso,391,97
15,Algortimos Almacen,providencia,462,582
34,Paw Almacen,la ligua,409,183
82,Quetzal Almacen,la ligua,413,950
45,Familiares Almacen,valparaiso,446,532
62,Oda Almacen,la serena,464,773
77,Familiares Almacen,la ligua,454,309
80,Antique Me,punta arenas,305,393
97,Luz Almacen,la ligua,147,225
95,Almendras Almacen,la serena,405,730
82,Quetzal Almacen,santiago,413,950
77,Familiares Almacen,valparaiso,454,309
84,Almacen Hada,buin,311,711
39,Steak Almacen,buin,354,1048
0,Almacen Centrales,providencia,319,506
82,Quetzal Almacen,providencia,413,950
72,Algortimos Almacen,coquimbo,417,156
11,Steak Almacen,la serena,456,1053
29,Almacen Tulipan,san joaquin,321,1063
52,Almacen Petalos,la ligua,167,618
74,Almacen Hada,santiago,373,1011
8,Couture Almacen,coquimbo,429,122
21,Almacen Afinidad,coquimbo,222,823
69,Almacen Recreativas,la ligua,338,93
56,Algortimos Almacen,coquimbo,435,1003
75,Almacen Incidente,valparaiso,442,882
34,Paw Almacen,coquimbo,409,183
14,Calle Antigua,providencia,450,377
62,Oda Almacen,providencia,464,773
84,Almacen Hada,coquimbo,311,711
5,La Casa de la Abuela Antiguedades,buin,465,990
64,Almacen Camino,arica,360,52
0,Almacen Centrales,valparaiso,319,506
40,Inversiones Almacen,la serena,399,430
3,Almendras Almacen,la serena,411,102
17,Focus Almacen,coquimbo,441,679
79,Almacen Ecuacion,san joaquin,408,542
28,Almacen Madera,san joaquin,460,1094
101,Almacen Fluido,coquimbo,308,194
67,Almacen Incidente,coquimbo,285,241
30,Almacen Autor,santiago,449,819
35,Almacen Cuspides,valparaiso,424,567
15,Algortimos Almacen,santiago,462,582
27,Almacen Incidente,providencia,315,841
20,Familiares Almacen,santiago,132,523
96,Camelias Almacen,la serena,241,892
22,Almacen Andares,santiago,428,648
77,Familiares Almacen,coquimbo,454,309
27,Almacen Incidente,san joaquin,315,841
83,Fuera del atico,la serena,228,613
14,Calle Antigua,la serena,450,377
15,Algortimos Almacen,san joaquin,462,582
67,Almacen Incidente,valparaiso,285,241
15,Algortimos Almacen,coquimbo,462,582
87,Buqui Almacen,arica,389,594
47,Almacen Camino,providencia,153,286
38,Almacen Ecuacion,santiago,351,701
26,Almacen Centrales,buin,468,404
58,La Casa de la Abuela Antiguedades,buin,364,1084
27,Almacen Incidente,buin,315,841
93,Almacen Cambio,san joaquin,335,772
89,Fuera del atico,arica,388,182
60,Fantasia Almacen,la serena,444,670
84,Almacen Hada,la serena,311,711
0,Almacen Centrales,santiago,319,506
62,Oda Almacen,san joaquin,464,773
4,Fuera del atico,providencia,437,429
21,Almacen Afinidad,buin,222,823
2,Casa Antigua,san joaquin,386,213
35,Almacen Cuspides,santiago,424,567
51,Oda Almacen,la ligua,458,1074
93,Almacen Cambio,providencia,335,772
25,Steak Almacen,san joaquin,439,272
96,Camelias Almacen,buin,241,892
98,Almacen Almeja,valparaiso,234,987
55,Almacen Camino,punta arenas,427,1068
83,Fuera del atico,san joaquin,228,613
69,Almacen Recreativas,valparaiso,338,93
26,Almacen Centrales,santiago,468,404
26,Almacen Centrales,san joaquin,468,404
1,Tesoros el dia 42,valparaiso,443,1049
38,Almacen Ecuacion,valparaiso,351,701
30,Almacen Autor,valparaiso,449,819
85,Almacen Almeja,valparaiso,445,1061
40,Inversiones Almacen,santiago,399,430
13,Almacen Fluido,valparaiso,423,387
88,Backup Almacen,coquimbo,469,1064
63,Almacen Caninos,coquimbo,396,285
97,Luz Almacen,buin,147,225
46,Almacen Fortaleza,la serena,459,528
101,Almacen Fluido,buin,308,194
92,Almacen Caninos,la serena,349,657
92,Almacen Caninos,buin,349,657
44,exito Almacen,arica,433,59
7,Couture Almacen,coquimbo,368,150
12,Almendras Almacen,buin,438,99
78,Lacio Almacen,santiago,307,172
3,Almendras Almacen,santiago,411,102
0,Almacen Centrales,la ligua,319,506
22,Almacen Andares,providencia,428,648
16,Fuera del cofre,providencia,451,838
13,Almacen Fluido,la ligua,423,387
17,Focus Almacen,la ligua,441,679
74,Almacen Hada,providencia,373,1011
37,Sustentables Almacen,santiago,334,835
74,Almacen Hada,san joaquin,373,1011
39,Steak Almacen,providencia,354,1048
85,Almacen Almeja,coquimbo,445,1061
46,Almacen Fortaleza,providencia,459,528
38,Almacen Ecuacion,coquimbo,351,701
2,Casa Antigua,la serena,386,213
10,Almacen Caninos,santiago,391,97
60,Fantasia Almacen,valparaiso,444,670
96,Camelias Almacen,coquimbo,241,892
13,Almacen Fluido,san joaquin,423,387
49,Almacen Cables,providencia,403,21
59,Almacen Madera,santiago,400,494
8,Couture Almacen,la ligua,429,122
91,Fuera del atico,san joaquin,279,141
34,Paw Almacen,valparaiso,409,183
98,Almacen Almeja,la serena,234,987
5,La Casa de la Abuela Antiguedades,santiago,465,990
68,Almacen Elegante,coquimbo,420,632
29,Almacen Tulipan,la ligua,321,1063
93,Almacen Cambio,buin,335,772
75,Almacen Incidente,coquimbo,442,882
6,Almacen Camino,providencia,440,462
67,Almacen Incidente,santiago,285,241
4,Fuera del atico,la serena,437,429
85,Almacen Almeja,buin,445,1061
14,Calle Antigua,buin,450,377
17,Focus Almacen,buin,441,679
10,Almacen Caninos,providencia,391,97
99,El cofre del tesoro,santiago,295,787
30,Almacen Autor,la ligua,449,819
61,Pimienta Almacen,la serena,470,145
52,Almacen Petalos,san joaquin,167,618
42,Almacen Madera,coquimbo,304,492
81,Propiedades Almacen,santiago,361,866
95,Almendras Almacen,coquimbo,405,730
4,Fuera del atico,santiago,437,429
2,Casa Antigua,providencia,386,213
16,Fuera del cofre,la ligua,451,838
54,Asteroide Cofre,coquimbo,374,698
51,Oda Almacen,buin,458,1074
82,Quetzal Almacen,valparaiso,413,950
54,Asteroide Cofre,san joaquin,374,698
34,Paw Almacen,la serena,409,183
90,Almacen Receta,valparaiso,300,294
60,Fantasia Almacen,la ligua,444,670
83,Fuera del atico,providencia,228,613
42,Almacen Madera,santiago,304,492
79,Almacen Ecuacion,providencia,408,542
29,Almacen Tulipan,coquimbo,321,1063
58,La Casa de la Abuela Antiguedades,coquimbo,364,1084
95,Almendras Almacen,san joaquin,405,730
56,Algortimos Almacen,la ligua,435,1003
38,Almacen Ecuacion,providencia,351,701
5,La Casa de la Abuela Antiguedades,providencia,465,990
22,Almacen Andares,la serena,428,648
83,Fuera del atico,buin,228,613
34,Paw Almacen,providencia,409,183
0,Almacen Centrales,buin,319,506
16,Fuera del cofre,coquimbo,451,838
61,Pimienta Almacen,santiago,470,145
47,Almacen Camino,san joaquin,153,286
9,Almacen Idea,santiago,414,229
