0,Catalina Luna,90,mujer,46251263-5,59
1,Sergio Galaz,47,hombre,92310665-0,50
2,Catalina Patino,55,mujer,77837095-6,88
3,Nicolas Henriquez,70,mujer,66922079-0,69
4,Magdalena Santibanez,74,hombre,79464991-k,66
5,Lisandro Pinto,42,mujer,22997103-4,80
6,Leonardo Bucarei,42,hombre,61890115-7,0
7,Sofia Pena,29,hombre,45347413-5,101
8,Valentina Gutierrez,75,hombre,54864080-6,45
9,Simoney Mora,26,hombre,86447590-6,50
10,Martin Bustos,54,hombre,45355149-0,34
11,Diego Caniullan,89,hombre,19942007-0,90
12,Yanara Carrasco,39,mujer,79263691-8,55
13,Karla Castillo,38,mujer,32165632-3,38
14,Yaimara Cisternas,83,hombre,66760004-9,79
15,Pamela Figueroa,91,mujer,49326776-0,71
16,Aritza Flores,67,mujer,97804380-1,5
17,Giordano Flores,20,hombre,83399209-0,55
18,Danae Gamboa,95,mujer,86260284-6,47
19,Diego Guajardo,74,mujer,19209075-k,50
20,Bayron Guzman,84,mujer,31653150-4,47
21,Gabriela Jimenez,26,hombre,64100872-9,62
22,Orlando Moraga,56,hombre,72629258-2,46
23,Matias Moreno,13,mujer,17263415-k,40
24,Matias Painequeo,85,mujer,18208603-7,93
25,Sayenn Pavez,26,mujer,90414316-2,70
26,Gonzalo Pino,88,mujer,16045471-7,89
27,Benjamin Quilacan,37,hombre,28792266-3,0
28,Millaray Ramos,56,hombre,68353685-7,30
29,Aaron Roa,83,mujer,99428020-1,41
30,Martin Rojas,66,hombre,24840265-2,46
31,Yael Salcedo,81,hombre,79850677-3,59
32,Caceres San,57,mujer,95741388-9,65
33,Lucas Santibanez,63,hombre,77210598-3,11
34,Luis Torres,57,mujer,96187015-1,46
35,Zithlali Ulloa,28,hombre,68120110-6,100
36,Javiera Vasquez,66,hombre,56619171-7,58
37,Jorge Zumelzu,15,mujer,51616764-5,22
38,Alan Aceiton,97,hombre,60916764-5,69
39,Paz Aguayo,41,mujer,81252987-0,12
40,Flores Al,67,hombre,59192155-k,66
41,Lucas Araya,81,hombre,41391265-2,92
42,Daniela Arriagada,75,mujer,76041278-3,43
43,Benjamin Barria,43,mujer,78158392-8,76
44,Franco Benavides,97,mujer,49995619-3,33
45,Genesis Cardenas,59,mujer,37156185-4,66
46,Sergio Cardenas,24,hombre,85410626-0,2
47,Antonio Carrasco,72,hombre,10116173-0,3
48,Ian Carrera,30,mujer,88757035-3,51
49,Barbara Carvajal,42,hombre,68583239-9,97
50,Ignacio Castillo,59,hombre,35492826-4,5
51,Alondra Chamorro,91,mujer,86683089-4,5
52,Francisca Colima,67,hombre,28320055-8,96
53,Constanza Conejeros,87,mujer,86043030-4,93
54,Ivanna Contreras,44,mujer,27604578-4,15
55,Martin Flores,78,mujer,35412165-4,35
56,Constanza Gomez,40,hombre,80869010-1,44
57,Franco Gomez,34,mujer,86555166-5,96
58,Javiera Grandin,10,hombre,61036645-7,39
59,Javier Hurtado,84,mujer,40373818-2,33
60,Lucas Jara,84,mujer,24149278-8,95
61,Benjamin Jeria,95,mujer,43161018-3,86
62,Felipe Jilberto,16,hombre,67938721-9,44
63,Constanza Jorquera,32,hombre,18768050-6,38
64,Javiera Lizama,54,hombre,49881324-0,46
65,Catalina Lopez,28,mujer,36578275-k,53
66,Isidora Loyola,83,hombre,92505908-0,16
67,Bruno Mardones,36,hombre,16483997-4,39
68,Antonella Molina,53,mujer,91957885-8,101
69,Escarlet Morales,31,hombre,85930746-9,30
70,Javier Moya,30,mujer,43630977-5,31
71,Xavier Oyarzun,62,hombre,70876733-6,27
72,Silvio Peralta,81,mujer,36731956-9,56
73,Yohao Portales,70,hombre,42127645-5,74
74,Cesia Ramos,85,mujer,38158176-4,65
75,Francisca Reyes,33,mujer,48292072-1,37
76,Benjamin Rodriguez,30,mujer,86434438-0,50
77,Juan Sanchez,86,mujer,62974576-9,80
78,Constanza Sepulveda,53,hombre,71881591-6,24
79,Lucas Vasquez,74,hombre,16670974-1,47
80,Matias Vega,52,hombre,19027799-2,32
81,Isidora Villarroel,98,mujer,36669949-k,33
82,Victoria Adasme,75,hombre,58179139-9,55
83,Alonso Agurto,41,mujer,80146994-9,52
84,Carlos Antifil,99,hombre,34902561-2,16
85,Maria Aranda,34,mujer,27811535-6,49
86,Ignacio Arias,17,hombre,37653211-9,89
87,Rocio Bernales,95,hombre,78734770-3,99
88,Amaro Bravo,70,mujer,82260254-1,53
89,SeBastian Bustos,34,hombre,92253121-8,92
90,Jacob Cartes,98,hombre,53325503-5,56
91,Martin Celis,84,hombre,27423756-2,86
92,Noelia Cid,21,hombre,56840142-5,64
93,Hugo Cordova,37,hombre,99233768-0,16
94,Rocio Cuello,30,hombre,95541819-0,72
95,Monserrat Echeverria,28,hombre,61773216-5,13
96,Fernando Escobar,14,hombre,13635178-8,11
97,Emily Farias,40,hombre,93310611-k,92
98,Isidora Fernandez,89,hombre,85073231-0,15
99,Antonella Garrido,49,mujer,41601315-2,0
100,Conzuelo Gonzalez,82,hombre,98121429-3,20
101,Josefa Huaiquil,53,mujer,80511365-0,64
102,Millaray Jimenez,88,hombre,62815723-5,46
103,Alondra Llanquimin,30,hombre,33734821-1,59
104,Fernando Lopez,76,hombre,25806104-7,29
105,Valeria Martinez,74,mujer,23514054-3,51
106,Alexia Matus,18,mujer,72309503-4,20
107,Martin Neculman,51,mujer,48908396-5,67
108,Isidora Orellana,90,hombre,71198104-7,79
109,Luis Pacheco,37,hombre,76534733-5,95
110,Carlos Pinto,31,mujer,73222374-6,82
111,Diego Plaza,25,mujer,28597225-6,34
112,Francisca Roblero,97,mujer,32700742-4,9
113,Padme Rodriguez,47,hombre,28118803-8,11
114,Benjamin Saavedra,34,mujer,34572846-5,47
115,Millaray Salazar,65,mujer,42723522-k,32
116,Deyanira Santander,73,mujer,15591154-9,84
117,Yasmin Suarez,73,mujer,16636734-4,45
118,Paloma Sucarrat,87,hombre,63795324-9,73
119,Kitzy Vega,53,mujer,65538426-k,79
120,Enygger Videla,45,hombre,62942419-9,70
121,Simona Vilches,98,mujer,33236616-5,79
122,Cristobal Yanka,44,hombre,31679088-7,27
123,Abigail Alarcon,48,mujer,82581279-2,14
124,Pablo Salazar,52,hombre,35069575-3,11
125,Antonio Salinas,83,hombre,99927220-7,47
126,Leandro Aravena,34,hombre,70106627-8,52
127,Anais Oyarzon,77,mujer,43953571-7,86
128,Victoria Toloza,73,mujer,51194123-7,31
129,Dominique Contreras,71,hombre,75490842-4,62
130,Alessandro Pizarro,25,hombre,64336012-8,44
131,Andrea Aguilar,11,mujer,54023774-3,25
132,Yadhira Cifuentes,97,mujer,45008209-0,20
133,Millaray Meza,89,mujer,40538537-6,30
134,Kiara Moya,46,mujer,12187269-2,72
135,Celine Yanez,74,hombre,27952560-4,77
136,Andrea Sanhueza,67,mujer,55823148-3,58
137,Danitza Castro,77,mujer,67978268-1,3
138,Shantal Munoz,75,mujer,99070181-4,8
139,Isidora Bravo,16,mujer,50042631-4,49
140,Matias Pichulpil,23,hombre,99466469-7,38
141,Kris Pena,12,mujer,36664523-3,5
142,Rayen Contreras,70,mujer,44812887-3,39
143,Yaritza Garcia,23,hombre,34643031-1,16
144,Ivan Sarmiento,47,hombre,21759577-0,51
145,Alexandra Carmona,86,mujer,32992512-9,18
146,Mairin Romero,26,hombre,85553386-3,55
147,Salom Orellana,83,hombre,45510769-5,97
148,Constanza Loyola,19,mujer,45740927-3,75
149,Alejandra Olguin,42,hombre,98849412-7,71
150,Alonso Carrasco,84,hombre,42300579-3,100
151,Cristobal Vallejos,90,mujer,84921010-6,12
152,Macarena Munoz,54,hombre,51248373-9,16
153,Andres Diaz,49,mujer,38628283-8,47
154,Esteban Guzman,95,mujer,78662700-1,101
155,Andrea Alburquenque,24,hombre,80703512-6,37
156,Sofia Flores,83,hombre,37142311-7,101
157,Katalina Gonzalez,17,mujer,97036167-7,66
158,Jesus Gonzalez,72,hombre,53967694-6,29
159,Antonia Olivares,51,hombre,23407008-8,27
160,Isidora Pacheco,15,hombre,76494450-k,79
161,Francisca Cayupan,43,hombre,56229978-5,85
162,Emiliano Figueroa,57,mujer,40269415-7,51
163,Alonso Dumont,18,hombre,80592689-9,76
164,Amaro Mondaca,87,mujer,52576933-k,90
165,Absalon Figueroa,32,mujer,71612139-9,13
166,Antonia Ortega,94,hombre,23632306-4,28
167,Josefa Alarcon,67,mujer,16413527-6,52
168,Alonso Farias,98,mujer,77489819-0,57
169,Matias Rodriguez,92,mujer,85301240-8,87
170,Alonso Toro,59,mujer,53721649-2,70
171,Andres Vergara,37,hombre,12655924-0,86
172,Noemi Castro,15,hombre,79154026-7,19
173,Adriana Jimenez,72,mujer,24115633-8,82
174,Miguel Martinez,47,hombre,34917249-6,82
175,Benjamin Cayul,94,hombre,85034590-2,79
176,Ignacio Mardones,69,hombre,19680912-0,25
177,Marcela Vargas,27,mujer,40455577-4,32
178,Andres Painenao,64,mujer,81401624-2,80
179,Gustavo Mena,95,mujer,40978316-3,60
180,Anibal Contreras,19,hombre,77189827-0,22
181,Javiera Vigouroux,38,hombre,13093741-1,61
182,Arturo Calabrano,82,hombre,26123513-7,71
183,Ignacio Huenuanca,28,hombre,12874915-2,31
184,Josue Donoso,32,mujer,15623590-3,32
185,Jesus Navarrete,44,hombre,45981588-0,43
186,Aaron Cares,86,mujer,82003178-4,101
187,Paz Munoz,75,hombre,29415476-0,27
188,Antonia Elguezabal,88,mujer,38631846-8,89
189,Kathalina San,45,mujer,61242043-2,15
190,Ignacio Delgado,80,hombre,28954972-2,85
191,Andres Abarca,14,hombre,88094734-6,25
192,Alejandro Sarmiento,55,mujer,69163174-5,24
193,Alexander Pena,64,mujer,53042462-6,1
194,Samanta Marinao,60,hombre,81330568-2,44
195,Paola Quezada,19,hombre,86679007-8,67
196,Ignacio Barra,98,hombre,83896534-2,39
197,Ariel Iturra,44,mujer,91210142-8,14
198,Daniel Zuniga,62,hombre,72570829-7,46
199,Catalina Jara,88,mujer,58044372-9,7
200,Venecia Campos,71,hombre,40640800-0,27
201,Fernanda Repol,84,mujer,73324033-4,32
202,Ignacia Galvez,89,mujer,80549244-9,19
203,Scarlett Pezoa,13,mujer,40070443-0,38
204,Jessica Reyes,59,hombre,68377701-3,13
205,De Rave,15,hombre,20228556-2,46
206,Daniel Blanco,36,mujer,16264932-9,53
207,Valentina Cancino,76,hombre,80580088-7,44
208,Claudio Carreno,39,mujer,84167281-k,0
209,Valentina Castillo,16,mujer,93044599-1,8
210,Gustavo Castro,22,mujer,47922722-5,24
211,Tamara Dealecio,50,mujer,41183684-3,101
212,Carla Farias,57,hombre,94947578-6,56
213,Fernanda Gajardo,59,mujer,33890329-4,46
214,Paula Gajardo,17,hombre,91085975-7,44
215,Isidora Garabito,95,mujer,96562711-1,10
216,Ignacia Gomez,79,mujer,52392092-8,30
217,Catalina Gonzalez,94,hombre,91938760-2,53
218,Daniela Gutierrez,90,hombre,98518861-0,82
219,Catalina Huentelaf,19,mujer,72275204-k,81
220,Bryan Jorquera,79,hombre,70388205-6,5
221,Diego Lopez,67,mujer,80924311-7,62
222,Matias Maldonado,79,hombre,73031326-8,21
223,Catalina Miranda,36,hombre,66970190-k,3
224,Catari Monsalves,30,mujer,81641085-1,7
225,Catalina Montero,92,mujer,17371278-2,46
226,Fernanda Montero,35,mujer,72447098-k,22
227,Matias Munoz,24,hombre,59161375-8,60
228,Javiera Peralta,30,mujer,14106853-9,83
229,Ariana Perez,57,hombre,94506083-2,46
230,Joaquin Pinto,45,hombre,24878659-0,14
231,Nelson Quezada,69,mujer,23937155-8,80
232,Ignacio Quiroz,68,hombre,79407634-0,58
233,Giancarlo Roblero,94,hombre,27083103-6,95
234,Barbara Sanchez,35,hombre,77757931-2,98
235,Paolo Silva,24,hombre,21290952-1,66
236,Emilio Soto,89,hombre,79695896-0,7
237,Yacyara Soza,22,hombre,89512502-4,75
238,Jacob Torres,36,mujer,31256887-k,66
239,Catalina Urquiza,83,mujer,46067685-1,58
240,Alejandra Valdes,85,mujer,58143457-k,99
241,Catalina Valencia,57,mujer,69719019-8,96
242,Catalina Vasquez,49,hombre,81207716-3,40
243,Juan Veas,22,hombre,92394961-5,76
244,Yael Vera,91,hombre,99149710-2,74
245,Karla Villablanca,63,hombre,92851961-9,67
246,Diego Villegas,64,hombre,22637365-9,71
247,Javiera Alarcon,68,mujer,41694611-6,59
248,Vicente Alarcon,19,hombre,28231652-8,84
249,Benjamin Ancacura,86,mujer,97321798-4,86
250,Alan Armijo,47,mujer,35773530-0,10
251,Daniela Arrao,50,hombre,73745994-2,31
252,Kharla Astudillo,99,mujer,32644502-9,66
253,Sayuri Bahamondes,85,hombre,62220169-0,51
254,Dylan Campos,87,mujer,69020528-9,7
255,Angelo Caniunir,12,mujer,62887150-7,94
256,Nazaret Carreno,91,mujer,16687104-2,74
257,Fabiano Carte,52,hombre,51630030-2,30
258,Mateo Contreras,50,mujer,47249752-9,40
259,Martina Cuevas,70,mujer,55868629-4,29
260,Agustin Farias,36,mujer,75766984-6,4
261,Isidora Galvez,30,hombre,32817993-8,11
262,Gabriela Garay,22,hombre,83538271-0,54
263,Valentina Gomez,48,hombre,80628376-2,45
264,Bastian Lagos,35,hombre,44422964-0,43
265,Esteban Leiva,72,mujer,31691559-0,13
266,Barbara Lincopion,74,hombre,31457093-6,50
267,Loreto Luna,48,mujer,61863167-2,3
268,Matias Marillan,32,hombre,91051274-9,69
269,Matias Momberg,96,mujer,81019249-6,28
270,Benjamin Mondaca,85,hombre,75106425-k,77
271,Andres Mora,34,mujer,52581344-4,6
272,Josue Moreno,28,mujer,13700503-4,11
273,Krishna Ordenez,31,hombre,45677093-2,12
274,Iahn Oyarce,42,hombre,18912034-6,29
275,Trinidad Peralta,16,mujer,22876040-4,8
276,Constanza Quezada,51,hombre,29742884-5,57
277,Genesis Ramirez,15,hombre,13295853-k,28
278,Katherine Retamal,94,hombre,22252251-k,16
279,Yamna Reyes,48,mujer,53642790-2,91
280,Fernanda Salinas,85,hombre,83481742-k,37
281,Benjamin Sanchez,78,hombre,84095044-1,72
282,Francisca Sanchez,55,mujer,98544321-1,82
283,Yaen Sanhueza,36,mujer,96404014-1,10
284,Benjamin Soto,28,mujer,37731534-0,3
285,Kathya Spedaletti,97,hombre,55676647-9,67
286,Bastian Tapia,69,hombre,48766480-4,22
287,Fernanda Vargas,16,hombre,15119459-1,10
288,Camilo Zambrano,13,mujer,76849115-1,54
289,Barbara Zuniga,10,hombre,15765031-9,10
290,Camila Aburto,26,hombre,32726853-8,17
291,Valentina Aliaga,96,hombre,59260036-6,77
292,Camila Arancibia,36,hombre,19130484-5,17
293,Javier Aravena,45,hombre,57325256-k,94
294,Diego Arce,93,mujer,80356838-3,49
295,Javiera Barrera,95,hombre,10119008-0,99
296,Nayelit Brantes,41,hombre,57437538-k,86
297,Tamara Candia,24,hombre,80092681-5,9
298,Dania Carreno,29,mujer,40503382-8,44
299,Constanza Castillo,55,hombre,14292252-5,35
300,Constanza Diaz,72,hombre,24215497-5,90
301,Jose Espina,19,mujer,60987705-7,55
302,Rodrigo Figueroa,10,hombre,59959821-9,48
303,Fernanda Gonzslez,77,hombre,97418193-2,14
304,Daniela Habibe,36,hombre,88034198-7,42
305,Gloria Herrera,66,hombre,56725663-4,80
306,Thaira Hormazabal,74,mujer,54157127-2,9
307,Kiomara Huinca,13,mujer,48979148-k,78
308,Barbara Jara,21,mujer,30492842-5,101
309,Javiera Jaramillo,48,mujer,84671162-7,31
310,Maria Martinez,84,mujer,57342278-3,62
311,Tiare Miranda,55,hombre,73540572-1,84
312,Constanza Morales,80,hombre,48762156-0,68
313,Sebastian Moya,89,mujer,58509457-9,26
314,Fabian Munoz,12,mujer,58188294-7,6
315,Valentina Munoz,58,hombre,25844754-9,27
316,Lucas Nunez,95,hombre,29903675-8,54
317,Vania Pena,45,hombre,66844166-1,18
318,Dylan Perez,77,hombre,32273643-6,10
319,Damary Pichulman,68,hombre,80353279-6,0
320,Francisca Pinto,26,hombre,29622397-2,53
321,Danae Poblete,94,mujer,78897889-8,29
322,Paula Quintrel,60,mujer,58846331-1,75
323,Camilo Roblero,78,mujer,71652443-4,62
324,Vicente Saez,36,mujer,90243628-6,44
325,Crichna Salazar,19,mujer,84081575-7,26
326,Elias Sanzana,87,mujer,14114400-6,31
327,Esteban Schroder,30,hombre,83905334-7,48
328,Nicolas Soto,46,hombre,89146700-1,6
329,Nicolas Urriola,20,mujer,29622980-6,24
330,Aylin Valdes,69,mujer,20168747-0,1
331,Damaris Venegas,30,hombre,38725184-7,55
332,Benjamin Vera,96,mujer,28450511-5,66
333,Monserrat Vidal,72,hombre,81018273-3,40
334,Anais Aguirre,54,hombre,10742402-4,37
335,Isaac Andrades,65,hombre,85384785-2,93
336,Karina Araos,29,mujer,30001031-8,45
337,Daniela Beroiza,67,mujer,48246125-5,71
338,Carolina Brevis,41,mujer,48986292-1,69
339,Camila Cabrera,55,hombre,93892863-0,36
340,Valentina Campos,22,hombre,52179815-7,50
341,Annais Caro,55,hombre,19706256-8,94
342,Abraham Carreno,27,mujer,26196183-0,8
343,Jael Cornejo,56,mujer,11271286-0,13
344,Aaron Cornejo,78,mujer,48998776-7,25
345,Matias Ferreira,47,hombre,95521769-1,50
346,Matias Fuentes,32,hombre,55972471-8,14
347,Alexandra Garay,58,hombre,95487734-5,81
348,Yahir Garrido,43,hombre,63814706-8,58
349,Justin Godoy,79,mujer,43597800-2,92
350,Camila Gonzalez,10,mujer,95403427-5,85
351,Natalia Henriquez,76,mujer,56914123-0,38
352,Jorge Hidalgo,87,mujer,95623149-3,64
353,Francisca Huenufil,47,mujer,37126798-0,60
354,Maria Jilberto,17,mujer,92270331-0,39
355,Cristhian Jimenez,94,mujer,46288331-5,70
356,Isidora Jimenez,13,mujer,90505307-8,77
357,Martin Leiva,73,hombre,95810168-6,65
358,Martina Leiva,62,hombre,94006732-4,87
359,Andres Lucero,81,hombre,61336127-8,79
360,Gamadiel Marin,73,hombre,32142510-0,64
361,Saad Sierra,18,mujer,21188032-5,81
362,Teigan Phelps,29,mujer,64660903-8,85
363,Chiara Howell,35,mujer,17677635-8,76
364,Nishat Greig,42,mujer,21332506-k,58
365,Niam Snider,50,hombre,36615636-4,2
366,Tasnim Rutledge,57,hombre,30741496-1,56
367,Henna Cantu,24,mujer,18970874-2,25
368,Amira Wong,28,mujer,33491402-k,7
369,Annaliese Ford,37,hombre,47342099-6,15
370,Marco Waters,21,hombre,73815426-6,11
371,Marian Spence,57,hombre,19528671-k,28
372,Amy Sharples,38,hombre,51844875-7,100
373,Eamonn Redfern,48,hombre,17327495-5,74
374,Katarina Chang,54,hombre,82719046-2,54
375,Annabelle Poole,40,hombre,79873843-7,45
376,Donte Salgado,40,mujer,66227912-9,31
377,Sufyan Rollins,44,hombre,44715611-3,46
378,Gracey Day,18,mujer,71134226-5,2
379,Otto Lindsay,25,hombre,89260929-2,82
380,Murphy Melendez,26,hombre,72620651-1,9
381,Marcel Mccarty,23,hombre,33908685-0,82
382,Lowri Henry,35,mujer,94221380-8,22
383,Juliet Goodman,43,mujer,15823641-9,19
384,Winnie Bloom,38,hombre,39790970-0,68
385,Baxter Bateman,46,mujer,14736236-6,34
386,Huda Sullivan,20,mujer,17195049-k,2
387,Ravi Avila,58,hombre,67710168-7,8
388,Hamza Carson,22,hombre,21201270-k,89
389,Faizaan Gilmour,44,mujer,16833235-1,87
390,Saoirse Tang,54,hombre,32273167-1,53
391,Harvey Marsden,35,mujer,90922919-7,10
392,Ehsan Liu,19,mujer,60028335-9,50
393,Orlaith Collier,60,mujer,52968708-7,5
394,Marcia Berg,27,mujer,57689116-4,23
395,Kamron Moran,39,mujer,10094201-1,19
396,Colin Rosario,24,mujer,85779616-0,63
397,Darrell Barnes,20,hombre,15683276-6,59
398,Akbar Healy,50,hombre,14825989-5,25
399,Valentino Gilliam,26,hombre,65207641-6,40
400,Damien Barnard,40,mujer,34761062-3,59
401,Jenna Wyatt,52,hombre,93600353-2,79
402,Chenai Lynch,33,mujer,61627352-3,41
403,Cleo Parsons,23,hombre,33917878-k,49
404,Meerab Shields,40,hombre,81311438-0,18
405,Asia Byers,54,mujer,16506263-9,95
406,Teejay Leon,45,hombre,48849361-2,62
407,Kelsie Vickers,29,hombre,23684561-3,62
408,Elisabeth Pickett,36,mujer,12842111-4,79
409,Tehya Curry,48,hombre,46524982-k,34
410,Nabila Silva,40,mujer,54556015-1,70
411,Kaira Frey,52,mujer,22240154-2,3
412,Lila Barron,59,mujer,72478850-5,53
413,Xander Goodwin,22,mujer,25107105-5,82
414,Lexi Cairns,45,hombre,69768825-0,9
415,Keyan Rigby,53,hombre,42644643-k,50
416,Donald Gordon,53,mujer,54004386-8,30
417,Kaylen Yoder,34,hombre,55514185-8,72
418,Rehaan Acosta,40,hombre,34762796-8,61
419,Ahsan Moyer,35,hombre,55422937-9,18
420,Simrah Begum,18,mujer,11636170-1,68
421,Rio Haas,30,hombre,45453849-8,86
422,Dannielle Power,59,hombre,84539370-2,75
423,Adam Delarosa,26,hombre,96900689-8,13
424,Yousif Mccullough,34,hombre,44281327-2,35
425,Zakary Ingram,21,mujer,74580276-1,46
426,Jordana Haley,23,mujer,78160098-9,25
427,Kavan Holder,42,mujer,65346159-3,55
428,Kieren Peck,49,hombre,72800848-2,22
429,Fiona Estrada,41,mujer,79757833-9,8
430,Esme-Rose Sargent,41,mujer,79459402-3,48
431,Kathy Leal,35,mujer,80921370-6,6
432,Hassan Gilmore,23,mujer,90172937-9,17
433,Rose Larsen,52,hombre,47942200-1,44
434,Jorge Tillman,22,hombre,42538060-5,25
435,Devonte Needham,56,mujer,70582800-8,56
436,Fahad Richmond,23,mujer,14982281-k,86
437,Kynan Benson,56,hombre,90155266-5,4
438,Maison Rhodes,23,mujer,96951878-3,12
439,Cai Woodward,32,mujer,72159761-k,25
440,Dania Neal,23,hombre,72430402-8,6
441,Irene Contreras,56,hombre,66045545-0,17
442,Briony Whelan,37,hombre,91231636-k,75
443,Vishal Merrill,49,hombre,86516801-2,1
444,Brad Stewart,42,mujer,64750606-2,60
445,Mina Dougherty,26,mujer,90966759-3,85
446,Phebe Braun,55,hombre,31111145-0,45
447,Murray Britton,56,mujer,16792411-5,57
448,Jaxx Blaese,19,hombre,58765828-3,11
449,Una Glenn,40,hombre,42216276-3,30
450,Luke Hills,48,hombre,91844038-0,14
451,Yasser Wilkins,47,hombre,43926456-k,16
452,Emir Bird,40,hombre,13965853-1,70
453,Reema Page,45,hombre,14343597-0,43
454,Nigel Dickens,36,mujer,41966463-4,77
455,Priyanka Navarro,43,hombre,21219682-7,86
456,Dina Clark,23,hombre,95541523-k,11
457,Ali Childs,56,mujer,68208732-3,70
458,Ava-Rose O'Ryan,60,hombre,43831962-k,51
459,Talitha Mcloughlin,60,hombre,22234852-8,46
460,Lily-Anne Patel,36,mujer,39089742-1,28
461,Keane Morrison,28,mujer,92696219-1,43
462,Mayson Baird,48,hombre,69568679-k,15
463,Rhiann Cote,45,hombre,91935122-5,18
464,Lina Mclaughlin,45,mujer,68133700-8,62
465,Ayush Pace,58,mujer,42938886-4,5
466,Zeeshan Johnston,26,hombre,11439340-1,24
467,Dominykas Lutz,55,mujer,39899583-k,73
468,Rafi Kaiser,37,hombre,39949282-3,26
469,Maaria Major,41,mujer,53644614-1,88
470,Blanka Alford,34,mujer,19552470-k,61
